Location;numericcode;Year1950;1955;1960;1965;1970;1975;1980;1985;1990;1995;2000;2005;2010;2015;2020;2025;2030;2035;2040;2045;2050;2055;2060;2065;2070;2075;2080;2085;2090;2095;2100
Burundi;108;   2 309;   2 532;   2 787;   3 079;   3 457;   3 677;   4 127;   4 774;   5 613;   6 239;   6 767;   7 934;   9 461;   11 179;   13 126;   15 177;   17 357;   19 777;   22 505;   25 505;   28 668;   31 911;   35 235;   38 681;   42 249;   45 868;   49 450;   52 934;   56 315;   59 560;   62 662
Comoros;174;156;173;189;205;228;256;309;358;415;480;548;619;699;788;883;981;   1 081;   1 184;   1 290;   1 397;   1 502;   1 605;   1 705;   1 801;   1 892;   1 978;   2 058;   2 131;   2 197;   2 255;   2 307
Djibouti;262;62;70;84;115;160;224;359;423;588;661;723;778;831;888;947;   1 003;   1 054;   1 097;   1 133;   1 163;   1 186;   1 203;   1 212;   1 214;   1 210;   1 201;   1 189;   1 176;   1 161;   1 145;   1 126
Eritrea;232;   1 142;   1 259;   1 408;   1 589;   1 805;   2 070;   2 384;   2 756;   3 139;   3 164;   3 535;   4 191;   4 690;   5 228;   5 892;   6 585;   7 311;   8 077;   8 870;   9 660;   10 421;   11 150;   11 845;   12 504;   13 122;   13 685;   14 190;   14 636;   15 020;   15 345;   15 616
Ethiopia;231;   18 128;   19 947;   22 151;   25 014;   28 415;   32 569;   35 240;   40 776;   48 057;   57 237;   66 444;   76 608;   87 562;   99 391;   111 971;   125 044;   138 297;   151 431;   164 270;   176 663;   188 455;   199 466;   209 459;   218 270;   225 774;   231 879;   236 555;   239 847;   241 853;   242 731;   242 644
Kenya;404;   6 077;   6 980;   8 105;   9 505;   11 252;   13 486;   16 268;   19 661;   23 446;   27 373;   31 066;   35 349;   40 328;   46 050;   52 187;   58 610;   65 412;   72 600;   80 091;   87 770;   95 505;   103 198;   110 757;   118 096;   125 137;   131 802;   137 988;   143 635;   148 681;   153 092;   156 856
Madagascar;450;   4 084;   4 544;   5 099;   5 769;   6 576;   7 576;   8 747;   9 981;   11 546;   13 453;   15 745;   18 290;   21 080;   24 235;   27 799;   31 728;   35 960;   40 450;   45 177;   50 139;   55 294;   60 597;   65 972;   71 361;   76 740;   82 037;   87 187;   92 146;   96 877;   101 342;   105 499
Malawi;454;   2 954;   3 252;   3 619;   4 059;   4 604;   5 293;   6 163;   7 206;   9 409;   9 823;   11 193;   12 748;   14 770;   17 215;   20 022;   23 134;   26 584;   30 331;   34 360;   38 651;   43 155;   47 810;   52 546;   57 304;   62 024;   66 667;   71 182;   75 529;   79 657;   83 511;   87 056
Mauritius;480;493;571;660;753;826;892;966;   1 016;   1 056;   1 129;   1 185;   1 222;   1 248;   1 273;   1 291;   1 304;   1 310;   1 307;   1 295;   1 274;   1 249;   1 222;   1 194;   1 166;   1 136;   1 104;   1 071;   1 038;   1 007;978;952
Mayotte;175;15;19;24;31;37;45;55;72;95;123;150;178;209;240;273;308;344;382;421;460;497;533;567;599;629;657;682;705;724;740;752
Mozambique;508;   6 313;   6 832;   7 493;   8 303;   9 262;   10 405;   11 936;   13 103;   13 372;   15 913;   18 265;   21 127;   24 321;   27 978;   31 993;   36 462;   41 437;   46 896;   52 777;   59 009;   65 544;   72 293;   79 139;   86 003;   92 783;   99 401;   105 777;   111 842;   117 539;   122 818;   127 648
R_union;638;248;292;336;391;462;485;509;559;611;674;737;792;831;861;892;921;947;967;981;988;989;984;976;966;956;946;935;921;906;888;870
Rwanda;646;   2 186;   2 526;   2 933;   3 233;   3 755;   4 359;   5 141;   6 118;   7 260;   5 913;   8 022;   9 008;   10 294;   11 610;   12 997;   14 377;   15 785;   17 223;   18 644;   19 977;   21 187;   22 267;   23 222;   24 043;   24 714;   25 223;   25 576;   25 789;   25 873;   25 836;   25 692
Seychelles;690;36;39;42;47;52;60;66;70;71;77;81;89;93;96;99;100;101;101;101;101;100;98;96;94;92;90;88;86;84;83;81
Somalia;706;   2 264;   2 492;   2 756;   3 070;   3 445;   3 881;   6 090;   6 068;   6 322;   6 346;   7 385;   8 467;   9 582;   10 787;   12 423;   14 344;   16 493;   18 844;   21 388;   24 119;   27 030;   30 101;   33 285;   36 541;   39 835;   43 139;   46 412;   49 603;   52 670;   55 582;   58 311
SouthSudan;728;   2 583;   2 721;   2 955;   3 264;   3 647;   4 117;   4 701;   5 445;   5 762;   5 453;   6 693;   8 100;   10 056;   12 340;   14 122;   15 951;   17 810;   19 747;   21 744;   23 786;   25 855;   27 920;   29 941;   31 882;   33 726;   35 446;   37 029;   38 462;   39 729;   40 822;   41 752
Uganda;800;   5 158;   5 899;   6 788;   8 014;   9 446;   10 827;   12 548;   14 631;   17 384;   20 413;   23 758;   28 042;   33 149;   39 032;   45 856;   53 497;   61 929;   71 102;   80 904;   91 190;   101 873;   112 864;   124 029;   135 228;   146 276;   157 089;   167 483;   177 374;   186 650;   195 177;   202 868
UnitedRepublicofTanzania;834;   7 650;   8 741;   10 074;   11 684;   13 606;   15 980;   18 685;   21 842;   25 458;   29 903;   33 992;   39 066;   45 649;   53 470;   62 267;   72 033;   82 927;   95 005;   108 174;   122 259;   137 136;   152 692;   168 831;   185 437;   202 342;   219 332;   236 225;   252 823;   268 963;   284 452;   299 133
Zambia;894;   2 317;   2 644;   3 050;   3 560;   4 185;   4 983;   5 929;   7 017;   8 143;   9 254;   10 585;   12 044;   13 917;   16 212;   18 882;   21 892;   25 313;   29 141;   33 371;   37 990;   42 975;   48 282;   53 885;   59 754;   65 870;   72 182;   78 652;   85 212;   91 808;   98 380;   104 869
Zimbabwe;716;   2 747;   3 204;   3 752;   4 422;   5 206;   6 170;   7 289;   8 863;   10 485;   11 683;   12 500;   12 984;   13 974;   15 603;   17 471;   19 370;   21 353;   23 405;   25 510;   27 606;   29 615;   31 472;   33 146;   34 642;   35 969;   37 128;   38 113;   38 922;   39 547;   39 991;   40 263
Angola;24;   4 355;   4 808;   5 271;   5 765;   6 301;   7 107;   8 212;   9 745;   11 128;   13 043;   15 059;   17 913;   21 220;   25 022;   29 245;   34 016;   39 351;   45 230;   51 581;   58 349;   65 473;   72 905;   80 565;   88 359;   96 196;   103 977;   111 604;   118 975;   126 014;   132 625;   138 738
Cameroon;120;   4 466;   4 874;   5 361;   5 988;   6 771;   7 740;   8 932;   10 381;   12 070;   13 930;   15 928;   18 127;   20 591;   23 344;   26 333;   29 530;   32 947;   36 577;   40 398;   44 346;   48 362;   52 405;   56 430;   60 386;   64 222;   67 876;   71 320;   74 525;   77 448;   80 067;   82 382
CentralAfricanRepublic;140;   1 327;   1 399;   1 504;   1 649;   1 829;   2 017;   2 274;   2 627;   2 938;   3 336;   3 726;   4 056;   4 445;   4 900;   5 409;   5 942;   6 490;   7 051;   7 623;   8 204;   8 782;   9 343;   9 874;   10 367;   10 815;   11 216;   11 572;   11 881;   12 142;   12 353;   12 515
Chad;148;   2 502;   2 736;   3 003;   3 311;   3 645;   4 089;   4 513;   5 093;   5 958;   7 002;   8 343;   10 068;   11 896;   14 037;   16 431;   19 075;   21 946;   25 010;   28 247;   31 631;   35 131;   38 718;   42 355;   46 013;   49 642;   53 205;   56 664;   59 981;   63 137;   66 126;   68 927
Congo;178;808;899;   1 014;   1 158;   1 335;   1 556;   1 802;   2 084;   2 386;   2 721;   3 109;   3 503;   4 066;   4 620;   5 263;   5 983;   6 790;   7 681;   8 647;   9 668;   10 732;   11 837;   12 979;   14 152;   15 339;   16 527;   17 702;   18 852;   19 964;   21 021;   22 015
DemocraticRepublicoftheCongo;180;   12 184;   13 518;   15 248;   17 370;   20 010;   22 902;   26 357;   29 986;   34 963;   42 184;   48 049;   56 090;   65 939;   77 267;   90 169;   104 536;   120 304;   137 444;   155 794;   175 145;   195 277;   216 046;   237 217;   258 498;   279 644;   300 399;   320 393;   339 399;   357 191;   373 715;   388 733
EquatorialGuinea;226;226;238;252;269;291;238;221;314;377;448;531;626;729;845;971;   1 102;   1 238;   1 378;   1 521;   1 667;   1 816;   1 966;   2 113;   2 255;   2 390;   2 517;   2 634;   2 740;   2 834;   2 915;   2 984
Gabon;266;473;483;499;533;590;650;729;830;952;   1 086;   1 232;   1 378;   1 542;   1 725;   1 917;   2 116;   2 321;   2 531;   2 743;   2 955;   3 164;   3 364;   3 551;   3 724;   3 882;   4 024;   4 148;   4 255;   4 343;   4 413;   4 466
SaoTomeandPrincipe;678;60;59;64;65;74;83;95;104;114;126;137;153;171;190;211;233;256;280;305;329;353;376;399;421;442;462;480;497;512;526;538
Algeria;912;   49 222;   55 729;   63 697;   72 801;   82 883;   93 613;   106 908;   122 978;   140 117;   157 438;   171 891;   186 917;   203 717;   223 892;   244 445;   263 892;   282 448;   300 870;   319 357;   337 359;   354 304;   369 835;   383 884;   396 573;   408 015;   418 232;   427 341;   435 350;   442 234;   447 750;   451 763
Egypt;12;   8 872;   9 830;   11 125;   12 627;   14 550;   16 709;   19 338;   22 566;   25 912;   28 904;   31 184;   33 268;   36 036;   39 667;   43 008;   45 865;   48 274;   50 424;   52 496;   54 546;   56 461;   58 041;   59 183;   59 942;   60 454;   60 824;   61 115;   61 321;   61 422;   61 348;   61 060
Libya;818;   20 897;   23 656;   27 072;   30 873;   34 809;   38 624;   43 370;   49 374;   56 397;   62 435;   68 335;   74 942;   82 041;   91 508;   100 518;   108 939;   117 102;   125 589;   134 428;   143 064;   151 111;   158 493;   165 322;   171 682;   177 557;   182 841;   187 609;   191 832;   195 518;   198 544;   200 802
Morocco;434;   1 113;   1 233;   1 435;   1 717;   2 114;   2 622;   3 191;   3 841;   4 398;   4 878;   5 337;   5 802;   6 266;   6 278;   6 700;   7 086;   7 418;   7 713;   7 980;   8 207;   8 375;   8 474;   8 516;   8 523;   8 515;   8 500;   8 476;   8 432;   8 360;   8 260;   8 144
Sudan;504;   8 986;   10 503;   12 329;   14 248;   16 040;   17 855;   20 072;   22 596;   24 950;   27 162;   28 951;   30 385;   32 108;   34 378;   36 444;   38 255;   39 787;   41 073;   42 148;   43 027;   43 696;   44 144;   44 364;   44 370;   44 184;   43 857;   43 414;   42 891;   42 298;   41 632;   40 888
Tunisia;729;   5 734;   6 543;   7 527;   8 739;   10 233;   12 076;   14 418;   17 098;   20 009;   24 692;   28 080;   31 990;   36 115;   40 235;   45 308;   50 740;   56 443;   62 331;   68 311;   74 307;   80 284;   86 212;   92 015;   97 630;   102 980;   108 002;   112 636;   116 893;   120 777;   124 251;   127 328
WesternSahara;788;   3 605;   3 944;   4 176;   4 545;   5 060;   5 652;   6 368;   7 322;   8 233;   9 114;   9 699;   10 102;   10 639;   11 254;   11 835;   12 320;   12 686;   12 955;   13 166;   13 342;   13 476;   13 541;   13 530;   13 452;   13 333;   13 201;   13 072;   12 949;   12 820;   12 671;   12 494
Botswana;732;14;21;33;51;77;75;151;182;217;253;306;428;512;573;631;687;738;785;828;867;901;930;955;975;992;   1 007;   1 020;   1 030;   1 039;   1 044;   1 047
Lesotho;913;   15 588;   17 487;   19 724;   22 417;   25 454;   29 093;   32 997;   37 489;   42 049;   47 375;   51 451;   55 274;   59 067;   62 634;   65 484;   67 897;   70 116;   72 246;   74 308;   76 260;   78 029;   79 510;   80 662;   81 509;   82 068;   82 352;   82 392;   82 226;   81 885;   81 382;   80 737
Namibia;72;413;470;524;596;693;822;996;   1 183;   1 380;   1 576;   1 737;   1 864;   2 048;   2 262;   2 460;   2 646;   2 817;   2 976;   3 126;   3 265;   3 389;   3 492;   3 573;   3 632;   3 674;   3 702;   3 719;   3 725;   3 720;   3 705;   3 681
SouthAfrica;426;734;788;851;933;   1 032;   1 149;   1 307;   1 468;   1 598;   1 754;   1 856;   1 926;   2 011;   2 135;   2 258;   2 373;   2 486;   2 603;   2 728;   2 858;   2 987;   3 107;   3 210;   3 297;   3 368;   3 426;   3 472;   3 507;   3 531;   3 545;   3 548
Swaziland;516;485;538;603;683;780;906;   1 013;   1 149;   1 415;   1 654;   1 898;   2 027;   2 194;   2 459;   2 731;   3 002;   3 272;   3 539;   3 805;   4 068;   4 322;   4 560;   4 780;   4 979;   5 156;   5 309;   5 440;   5 547;   5 631;   5 692;   5 730
Benin;710;   13 683;   15 385;   17 396;   19 814;   22 503;   25 699;   29 077;   32 983;   36 793;   41 427;   44 897;   48 353;   51 622;   54 490;   56 669;   58 436;   60 034;   61 551;   63 001;   64 348;   65 540;   66 493;   67 183;   67 636;   67 865;   67 878;   67 703;   67 374;   66 920;   66 355;   65 696
BurkinaFaso;748;273;307;349;392;446;517;603;705;863;963;   1 064;   1 105;   1 193;   1 287;   1 366;   1 438;   1 507;   1 576;   1 648;   1 722;   1 792;   1 857;   1 915;   1 965;   2 005;   2 037;   2 059;   2 074;   2 082;   2 085;   2 082
CaboVerde;914;   70 769;   77 001;   84 946;   94 570;   106 015;   120 045;   137 414;   157 658;   180 331;   206 419;   235 235;   268 498;   307 982;   353 224;   402 831;   457 071;   516 290;   580 558;   649 499;   722 233;   797 877;   875 803;   955 430;  1 035 998;  1 116 836;  1 196 986;  1 275 397;  1 351 037;  1 423 409;  1 491 717;  1 555 840
Cªted'Ivoire;204;   2 255;   2 304;   2 432;   2 632;   2 908;   3 263;   3 718;   4 287;   5 001;   5 986;   6 949;   8 182;   9 510;   10 880;   12 361;   13 937;   15 593;   17 306;   19 050;   20 803;   22 549;   24 270;   25 946;   27 554;   29 070;   30 475;   31 756;   32 905;   33 915;   34 791;   35 544
Gambia;854;   4 284;   4 517;   4 829;   5 175;   5 625;   6 155;   6 823;   7 728;   8 811;   10 090;   11 608;   13 422;   15 632;   18 106;   20 861;   23 903;   27 244;   30 859;   34 695;   38 689;   42 789;   46 978;   51 221;   55 463;   59 648;   63 733;   67 641;   71 352;   74 818;   78 044;   80 990
Ghana;132;178;197;202;231;270;273;286;314;341;389;439;474;490;521;553;585;614;642;667;689;707;721;730;735;735;731;724;714;704;692;680
Guinea;384;   2 630;   2 979;   3 475;   4 220;   5 242;   6 606;   8 266;   10 158;   12 166;   14 404;   16 518;   18 133;   20 132;   22 702;   25 566;   28 717;   32 143;   35 857;   39 882;   44 204;   48 797;   53 643;   58 717;   63 964;   69 342;   74 797;   80 285;   85 724;   91 065;   96 233;   101 154
Guinea-Bissau;270;271;304;368;401;447;521;604;732;917;   1 066;   1 229;   1 441;   1 693;   1 991;   2 326;   2 698;   3 105;   3 544;   4 010;   4 492;   4 981;   5 471;   5 954;   6 425;   6 878;   7 307;   7 705;   8 066;   8 385;   8 661;   8 896
Liberia;288;   4 981;   5 680;   6 652;   7 711;   8 597;   9 831;   10 802;   12 716;   14 628;   16 761;   18 825;   21 390;   24 318;   27 410;   30 530;   33 678;   36 865;   40 123;   43 454;   46 799;   50 071;   53 203;   56 175;   59 003;   61 686;   64 188;   66 462;   68 477;   70 222;   71 733;   73 033
Mali;324;   3 094;   3 316;   3 577;   3 878;   4 215;   4 360;   4 507;   5 079;   6 034;   7 863;   8 799;   9 669;   11 012;   12 609;   14 355;   16 246;   18 276;   20 433;   22 700;   25 060;   27 486;   29 947;   32 411;   34 858;   37 242;   39 537;   41 723;   43 786;   45 702;   47 455;   49 049
Mauritania;624;535;575;616;653;712;778;850;945;   1 056;   1 181;   1 315;   1 463;   1 634;   1 844;   2 068;   2 301;   2 541;   2 789;   3 045;   3 305;   3 564;   3 817;   4 061;   4 295;   4 518;   4 727;   4 919;   5 093;   5 246;   5 377;   5 489
Niger;430;930;   1 010;   1 120;   1 253;   1 420;   1 629;   1 893;   2 197;   2 103;   2 080;   2 892;   3 270;   3 958;   4 503;   5 091;   5 728;   6 414;   7 140;   7 892;   8 661;   9 436;   10 215;   10 992;   11 757;   12 495;   13 201;   13 863;   14 474;   15 032;   15 533;   15 977
Nigeria;466;   4 708;   4 975;   5 264;   5 568;   5 949;   6 482;   7 090;   7 832;   8 482;   9 641;   11 047;   12 881;   15 167;   17 600;   20 457;   23 702;   27 370;   31 441;   35 854;   40 535;   45 404;   50 427;   55 560;   60 739;   65 910;   71 005;   75 944;   80 646;   85 085;   89 191;   92 981
SaintHelena;478;660;747;858;992;   1 149;   1 329;   1 534;   1 767;   2 024;   2 334;   2 711;   3 154;   3 591;   4 068;   4 573;   5 107;   5 666;   6 248;   6 844;   7 446;   8 049;   8 649;   9 242;   9 824;   10 386;   10 923;   11 428;   11 896;   12 323;   12 710;   13 059
Senegal;562;   2 560;   2 960;   3 395;   3 922;   4 497;   5 171;   5 963;   6 838;   7 912;   9 362;   11 225;   13 485;   16 292;   19 899;   24 315;   29 645;   35 966;   43 358;   51 878;   61 523;   72 238;   83 917;   96 461;   109 747;   123 628;   137 935;   152 492;   167 078;   181 549;   195 693;   209 334
SierraLeone;566;   37 860;   41 122;   45 212;   50 239;   56 132;   63 566;   73 698;   83 902;   95 617;   108 425;   122 877;   139 611;   159 425;   182 202;   206 831;   233 558;   262 599;   293 965;   327 406;   362 396;   398 508;   435 496;   473 123;   510 994;   548 863;   586 278;   622 731;   657 740;   691 183;   722 636;   752 247
Togo;654;5;5;5;5;5;5;5;6;6;5;5;4;4;4;4;4;4;4;4;4;4;4;4;4;4;4;4;4;4;4;3
China;768;   1 395;   1 474;   1 581;   1 709;   2 116;   2 410;   2 721;   3 253;   3 787;   4 284;   4 875;   5 578;   6 391;   7 305;   8 294;   9 352;   10 489;   11 706;   12 991;   14 322;   15 681;   17 055;   18 434;   19 809;   21 163;   22 477;   23 728;   24 906;   25 993;   26 983;   27 873
China,HongKongSAR;935;  1 394 018;  1 533 706;  1 686 698;  1 874 812;  2 120 430;  2 378 066;  2 625 584;  2 897 177;  3 202 475;  3 474 849;  3 714 470;  3 944 670;  4 169 860;  4 393 296;  4 598 426;  4 774 708;  4 922 830;  5 045 488;  5 143 850;  5 218 033;  5 266 848;  5 290 517;  5 290 030;  5 270 626;  5 237 953;  5 194 087;  5 140 834;  5 080 577;  5 017 487;  4 953 893;  4 888 653
China,MacaoSAR;906;   666 586;   730 599;   788 145;   862 443;   978 113;  1 089 536;  1 173 372;  1 258 750;  1 368 592;  1 448 738;  1 496 284;  1 536 540;  1 575 320;  1 612 287;  1 639 673;  1 651 108;  1 650 198;  1 640 321;  1 622 927;  1 598 308;  1 566 759;  1 528 656;  1 484 794;  1 439 026;  1 394 198;  1 350 905;  1 308 994;  1 269 248;  1 233 580;  1 203 375;  1 176 865
Dem.People'sRepublicofKorea;156;   544 113;   598 574;   644 450;   706 591;   808 511;   905 580;   977 837;  1 052 622;  1 154 606;  1 227 841;  1 269 975;  1 305 601;  1 340 969;  1 376 049;  1 402 848;  1 414 872;  1 415 545;  1 408 316;  1 394 715;  1 374 657;  1 348 056;  1 315 148;  1 276 757;  1 236 664;  1 197 533;  1 159 645;  1 122 569;  1 087 074;  1 055 073;  1 028 080;  1 004 392
Japan;344;   1 974;   2 490;   3 076;   3 802;   3 958;   4 355;   5 054;   5 415;   5 794;   6 144;   6 784;   6 842;   6 994;   7 288;   7 557;   7 781;   7 951;   8 058;   8 107;   8 131;   8 148;   8 142;   8 109;   8 055;   7 991;   7 930;   7 887;   7 873;   7 883;   7 901;   7 924
Mongolia;446;196;181;171;207;251;248;246;296;360;398;432;468;535;588;634;679;720;754;784;811;838;863;886;906;923;938;952;967;984;   1 003;   1 023
RepublicofKorea;408;   10 549;   10 087;   11 424;   12 548;   14 410;   16 275;   17 372;   18 778;   20 194;   21 764;   22 840;   23 813;   24 501;   25 155;   25 763;   26 292;   26 701;   26 943;   27 030;   27 007;   26 907;   26 756;   26 582;   26 395;   26 205;   26 001;   25 783;   25 559;   25 333;   25 095;   24 842
Kazakhstan;392;   82 199;   88 390;   92 501;   97 342;   103 708;   110 805;   115 912;   119 989;   122 249;   124 483;   125 715;   126 979;   127 320;   126 573;   125 039;   122 840;   120 127;   117 063;   113 788;   110 521;   107 411;   104 453;   101 440;   98 291;   95 135;   92 267;   89 871;   87 848;   86 108;   84 577;   83 175
Kyrgyzstan;496;780;855;956;   1 107;   1 279;   1 480;   1 690;   1 922;   2 184;   2 298;   2 397;   2 526;   2 713;   2 959;   3 179;   3 364;   3 519;   3 657;   3 785;   3 909;   4 028;   4 135;   4 218;   4 281;   4 330;   4 372;   4 409;   4 437;   4 455;   4 472;   4 487
Tajikistan;410;   19 211;   21 169;   25 074;   28 393;   31 437;   34 713;   37 451;   40 502;   42 972;   44 653;   46 206;   47 606;   49 090;   50 293;   51 251;   51 982;   52 519;   52 715;   52 398;   51 649;   50 593;   49 321;   47 926;   46 515;   45 101;   43 699;   42 359;   41 139;   40 101;   39 219;   38 504
Turkmenistan;158;   7 562;   8 852;   10 493;   12 454;   14 559;   16 080;   17 810;   19 226;   20 232;   21 156;   21 935;   22 704;   23 200;   23 381;   23 402;   23 298;   23 116;   22 814;   22 320;   21 622;   20 778;   19 838;   18 875;   17 920;   16 980;   16 052;   15 163;   14 352;   13 643;   13 029;   12 518
Uzbekistan;921;   511 574;   558 589;   618 559;   690 968;   774 758;   869 960;   980 320;  1 105 478;  1 239 666;  1 372 574;  1 507 050;  1 639 167;  1 765 129;  1 890 288;  2 012 032;  2 124 700;  2 226 204;  2 316 048;  2 393 790;  2 459 650;  2 512 459;  2 552 024;  2 577 995;  2 591 154;  2 593 644;  2 586 502;  2 571 370;  2 549 572;  2 522 892;  2 491 812;  2 456 649
Afghanistan;5500;   18 131;   20 793;   24 616;   29 096;   33 156;   37 349;   41 277;   45 738;   50 405;   53 178;   55 117;   58 043;   62 139;   67 314;   71 872;   75 692;   78 827;   81 616;   84 263;   86 690;   88 664;   90 064;   90 944;   91 464;   91 773;   91 921;   91 908;   91 702;   91 314;   90 737;   90 000
Bangladesh;398;   6 703;   7 992;   9 996;   11 909;   13 110;   14 136;   14 919;   15 780;   16 530;   15 926;   14 957;   15 452;   16 311;   17 625;   18 616;   19 420;   20 072;   20 665;   21 265;   21 875;   22 447;   22 921;   23 282;   23 561;   23 814;   24 068;   24 325;   24 546;   24 693;   24 740;   24 712
Bhutan;417;   1 740;   1 902;   2 172;   2 573;   2 964;   3 299;   3 627;   4 013;   4 395;   4 592;   4 955;   5 115;   5 465;   5 940;   6 384;   6 766;   7 097;   7 408;   7 713;   7 998;   8 248;   8 454;   8 618;   8 748;   8 854;   8 940;   9 009;   9 058;   9 085;   9 082;   9 046
India;762;   1 532;   1 775;   2 064;   2 490;   2 920;   3 413;   3 918;   4 541;   5 297;   5 784;   6 186;   6 806;   7 582;   8 482;   9 419;   10 300;   11 102;   11 878;   12 685;   13 511;   14 288;   14 973;   15 577;   16 133;   16 657;   17 136;   17 546;   17 884;   18 157;   18 381;   18 559
Iran(IslamicRepublicof);795;   1 211;   1 356;   1 594;   1 890;   2 188;   2 520;   2 861;   3 229;   3 668;   4 188;   4 501;   4 748;   5 042;   5 374;   5 685;   5 952;   6 160;   6 316;   6 432;   6 513;   6 555;   6 555;   6 514;   6 437;   6 337;   6 223;   6 104;   5 981;   5 857;   5 731;   5 606
Maldives;860;   6 945;   7 769;   8 789;   10 234;   11 973;   13 981;   15 952;   18 174;   20 515;   22 687;   24 518;   25 922;   27 740;   29 893;   31 767;   33 254;   34 397;   35 349;   36 168;   36 792;   37 126;   37 160;   36 953;   36 585;   36 111;   35 554;   34 924;   34 233;   33 522;   32 803;   32 077
Nepal;5501;   493 443;   537 796;   593 943;   661 873;   741 603;   832 611;   939 043;  1 059 740;  1 189 261;  1 319 396;  1 451 933;  1 581 124;  1 702 991;  1 822 974;  1 940 160;  2 049 008;  2 147 377;  2 234 432;  2 309 527;  2 372 960;  2 423 795;  2 461 960;  2 487 052;  2 499 690;  2 501 871;  2 494 581;  2 479 462;  2 457 869;  2 431 578;  2 401 075;  2 366 649
Pakistan;4;   7 752;   8 270;   8 995;   9 935;   11 121;   12 583;   13 211;   11 630;   12 068;   16 773;   19 702;   24 400;   27 962;   32 527;   36 443;   40 197;   43 852;   47 362;   50 602;   53 487;   55 955;   57 998;   59 619;   60 797;   61 507;   61 741;   61 518;   60 913;   60 007;   58 889;   57 638
SriLanka;50;   37 895;   42 122;   48 201;   55 835;   65 049;   71 247;   81 364;   93 015;   105 983;   118 428;   131 281;   142 930;   151 617;   160 996;   170 467;   179 063;   186 460;   192 500;   197 134;   200 381;   202 209;   202 703;   201 942;   200 020;   197 165;   193 549;   189 317;   184 679;   179 711;   174 618;   169 541
BruneiDarussalam;64;177;200;224;253;291;349;413;469;536;509;564;651;720;775;817;855;886;911;929;942;950;952;948;938;922;903;881;858;836;814;793
Cambodia;356;   376 325;   409 280;   449 662;   497 920;   553 943;   621 704;   697 230;   782 085;   870 602;   960 875;  1 053 481;  1 144 326;  1 230 985;  1 311 051;  1 388 859;  1 461 625;  1 527 658;  1 585 350;  1 633 728;  1 673 619;  1 705 333;  1 729 354;  1 745 182;  1 752 843;  1 753 604;  1 747 946;  1 737 150;  1 722 039;  1 704 073;  1 683 339;  1 659 786
Indonesia;364;   17 119;   19 294;   21 907;   24 955;   28 514;   32 731;   38 668;   47 291;   56 169;   60 319;   65 850;   70 122;   74 253;   79 109;   83 403;   86 497;   88 529;   89 996;   91 205;   92 060;   92 219;   91 405;   89 617;   87 097;   84 217;   81 312;   78 601;   76 162;   73 941;   71 795;   69 637
LaoPeople'sDemocraticRepublic;462;74;80;90;103;116;136;158;190;223;254;280;305;333;364;393;417;437;453;469;483;494;501;503;501;497;490;481;470;459;448;438
Malaysia;524;   8 483;   9 290;   10 057;   10 905;   11 987;   13 313;   14 890;   16 714;   18 742;   21 391;   23 740;   25 507;   26 876;   28 514;   30 184;   31 754;   33 104;   34 187;   35 027;   35 688;   36 159;   36 416;   36 439;   36 230;   35 797;   35 142;   34 283;   33 262;   32 110;   30 893;   29 677
Myanmar;586;   37 542;   40 427;   44 912;   50 849;   58 094;   66 791;   78 072;   92 165;   107 608;   122 600;   138 250;   153 356;   170 044;   188 925;   208 437;   227 182;   244 916;   262 127;   278 987;   295 089;   309 640;   322 270;   332 978;   342 007;   349 490;   355 428;   359 782;   362 675;   364 284;   364 776;   364 283
Philippines;144;   8 076;   8 833;   9 896;   11 118;   12 487;   13 756;   15 037;   16 181;   17 331;   18 248;   18 784;   19 526;   20 201;   20 715;   21 157;   21 417;   21 536;   21 546;   21 446;   21 211;   20 836;   20 362;   19 824;   19 257;   18 672;   18 071;   17 450;   16 811;   16 158;   15 501;   14 857
Singapore;920;   164 900;   186 430;   213 838;   245 876;   281 521;   319 721;   358 106;   401 712;   445 665;   486 881;   526 179;   563 157;   596 708;   633 490;   667 627;   698 154;   724 848;   747 730;   766 623;   781 401;   792 139;   799 171;   803 096;   804 380;   803 509;   800 763;   796 385;   790 623;   783 929;   776 785;   769 404
Thailand;96;48;63;82;103;130;161;193;223;257;295;331;362;393;423;450;475;496;513;528;539;546;549;549;545;538;530;522;513;505;497;489
Timor-Leste;116;   4 433;   5 045;   5 722;   6 467;   7 022;   7 552;   6 718;   7 743;   9 009;   10 694;   12 198;   13 320;   14 364;   15 578;   16 809;   17 944;   18 991;   19 988;   20 939;   21 806;   22 545;   23 158;   23 656;   24 047;   24 315;   24 458;   24 485;   24 427;   24 316;   24 148;   23 928
VietNam;360;   69 543;   77 328;   87 793;   100 309;   114 835;   130 724;   147 490;   165 012;   181 437;   196 958;   211 540;   226 255;   241 613;   257 564;   271 857;   284 505;   295 482;   304 847;   312 439;   318 216;   322 237;   324 727;   326 038;   326 420;   326 116;   325 248;   323 864;   321 855;   319 316;   316 497;   313 648
Armenia;418;   1 683;   1 890;   2 120;   2 381;   2 686;   3 048;   3 253;   3 680;   4 248;   4 858;   5 343;   5 745;   6 261;   6 802;   7 398;   7 966;   8 489;   8 973;   9 421;   9 826;   10 172;   10 456;   10 673;   10 825;   10 914;   10 941;   10 910;   10 832;   10 717;   10 578;   10 411
Azerbaijan;458;   6 110;   7 016;   8 161;   9 570;   10 909;   12 312;   13 834;   15 764;   18 211;   20 725;   23 421;   25 796;   28 120;   30 331;   32 374;   34 334;   36 107;   37 618;   38 853;   39 862;   40 725;   41 448;   41 995;   42 325;   42 418;   42 306;   42 059;   41 753;   41 437;   41 119;   40 778
Bahrain;104;   17 527;   19 282;   21 486;   24 024;   27 166;   30 641;   34 471;   38 509;   42 007;   44 711;   47 670;   49 985;   51 733;   53 897;   56 242;   58 373;   60 242;   61 752;   62 804;   63 387;   63 575;   63 483;   63 171;   62 670;   61 990;   61 131;   60 122;   59 027;   57 956;   56 952;   56 026
Cyprus;608;   18 580;   22 179;   26 273;   30 914;   35 805;   41 295;   47 397;   54 324;   61 947;   69 836;   77 932;   86 141;   93 039;   100 699;   108 436;   116 151;   123 575;   130 556;   137 020;   142 921;   148 260;   152 971;   157 074;   160 518;   163 318;   165 484;   167 016;   168 033;   168 609;   168 814;   168 618
Georgia;702;   1 022;   1 306;   1 634;   1 880;   2 074;   2 262;   2 415;   2 709;   3 016;   3 483;   3 918;   4 496;   5 079;   5 604;   6 007;   6 231;   6 418;   6 558;   6 647;   6 686;   6 681;   6 636;   6 561;   6 467;   6 360;   6 241;   6 116;   5 988;   5 859;   5 726;   5 593
Iraq;764;   20 710;   23 711;   27 397;   31 823;   36 885;   42 335;   47 385;   52 041;   56 583;   59 266;   62 693;   65 864;   66 692;   67 959;   68 581;   68 637;   68 250;   67 442;   66 190;   64 507;   62 452;   60 133;   57 698;   55 277;   52 956;   50 748;   48 674;   46 719;   44 882;   43 169;   41 604
Israel;626;433;461;500;547;603;662;578;657;740;856;847;989;   1 057;   1 185;   1 315;   1 445;   1 577;   1 712;   1 856;   2 009;   2 162;   2 309;   2 448;   2 581;   2 709;   2 831;   2 940;   3 036;   3 117;   3 182;   3 234
Jordan;704;   24 810;   28 148;   32 671;   37 860;   43 407;   48 729;   54 373;   61 049;   68 210;   75 199;   80 286;   84 204;   88 358;   93 448;   98 157;   102 093;   105 220;   107 773;   109 925;   111 642;   112 783;   113 299;   113 233;   112 706;   111 875;   110 846;   109 677;   108 439;   107 215;   106 102;   105 076
Kuwait;922;   50 957;   58 088;   66 156;   75 524;   86 037;   98 849;   113 786;   131 237;   148 552;   166 656;   184 957;   205 806;   232 703;   257 231;   279 094;   300 747;   321 580;   341 389;   360 511;   378 674;   395 491;   410 666;   424 144;   436 066;   446 603;   455 917;   464 084;   471 135;   477 085;   481 921;   485 736
Lebanon;51;   1 354;   1 564;   1 867;   2 205;   2 518;   2 826;   3 096;   3 339;   3 545;   3 223;   3 076;   3 015;   2 963;   3 018;   3 038;   3 029;   2 993;   2 940;   2 879;   2 809;   2 729;   2 638;   2 542;   2 440;   2 335;   2 228;   2 124;   2 028;   1 942;   1 865;   1 793
Oman;31;   2 896;   3 328;   3 898;   4 580;   5 178;   5 694;   6 164;   6 674;   7 217;   7 771;   8 118;   8 563;   9 100;   9 754;   10 241;   10 547;   10 727;   10 860;   10 961;   11 001;   10 963;   10 872;   10 749;   10 609;   10 457;   10 298;   10 142;   10 004;   9 883;   9 764;   9 636
Qatar;48;116;134;163;187;213;267;360;419;496;564;667;867;   1 261;   1 377;   1 486;   1 571;   1 642;   1 705;   1 759;   1 797;   1 822;   1 834;   1 834;   1 824;   1 805;   1 778;   1 746;   1 711;   1 674;   1 638;   1 602
SaudiArabia;196;494;530;573;581;614;650;685;704;767;855;943;   1 033;   1 104;   1 165;   1 218;   1 262;   1 300;   1 332;   1 359;   1 383;   1 402;   1 416;   1 425;   1 428;   1 425;   1 418;   1 410;   1 401;   1 395;   1 390;   1 386
StateofPalestine;268;   3 527;   3 839;   4 160;   4 477;   4 707;   4 908;   5 073;   5 287;   5 460;   5 067;   4 744;   4 475;   4 250;   4 000;   3 977;   3 934;   3 868;   3 779;   3 680;   3 584;   3 483;   3 371;   3 247;   3 118;   2 992;   2 876;   2 772;   2 678;   2 593;   2 514;   2 438
SyrianArabRepublic;368;   5 719;   6 503;   7 290;   8 376;   9 918;   11 685;   13 653;   15 576;   17 478;   20 218;   23 575;   27 018;   30 868;   36 423;   41 972;   47 797;   54 071;   60 873;   68 127;   75 758;   83 652;   91 728;   99 958;   108 331;   116 776;   125 199;   133 507;   141 608;   149 428;   156 882;   163 905
Turkey;376;   1 258;   1 719;   2 090;   2 523;   2 850;   3 337;   3 745;   4 083;   4 499;   5 332;   6 014;   6 604;   7 420;   8 064;   8 718;   9 359;   9 998;   10 646;   11 301;   11 962;   12 610;   13 228;   13 808;   14 354;   14 873;   15 366;   15 833;   16 267;   16 655;   16 995;   17 285
UnitedArabEmirates;400;449;646;889;   1 120;   1 655;   1 985;   2 281;   2 783;   3 358;   4 320;   4 767;   5 333;   6 518;   7 595;   8 167;   8 547;   9 109;   9 808;   10 492;   11 137;   11 717;   12 217;   12 644;   13 013;   13 335;   13 612;   13 835;   14 000;   14 105;   14 154;   14 147
Yemen;414;152;195;262;482;750;   1 051;   1 384;   1 735;   2 059;   1 637;   1 929;   2 264;   3 059;   3 892;   4 317;   4 672;   4 987;   5 252;   5 499;   5 725;   5 924;   6 081;   6 193;   6 266;   6 314;   6 355;   6 394;   6 432;   6 462;   6 481;   6 484
Belarus;634;25;36;47;74;109;164;224;371;476;501;593;837;   1 766;   2 235;   2 452;   2 640;   2 781;   2 902;   3 013;   3 115;   3 205;   3 278;   3 332;   3 367;   3 381;   3 377;   3 352;   3 312;   3 262;   3 213;   3 170
Bulgaria;682;   3 121;   3 558;   4 087;   4 844;   5 836;   7 429;   9 913;   13 361;   16 361;   18 854;   21 392;   24 745;   28 091;   31 540;   34 366;   36 847;   39 132;   41 235;   43 136;   44 763;   46 059;   47 021;   47 686;   48 144;   48 453;   48 649;   48 722;   48 654;   48 427;   48 059;   47 586
CzechRepublic;275;932;988;   1 069;   1 192;   1 125;   1 322;   1 509;   1 759;   2 101;   2 618;   3 224;   3 579;   4 069;   4 668;   5 333;   6 040;   6 765;   7 504;   8 259;   9 025;   9 791;   10 544;   11 273;   11 970;   12 628;   13 241;   13 804;   14 317;   14 776;   15 175;   15 516
Hungary;760;   3 413;   3 922;   4 593;   5 398;   6 379;   7 564;   8 956;   10 667;   12 452;   14 332;   16 354;   18 133;   20 721;   18 502;   20 994;   25 559;   28 647;   30 424;   32 070;   33 571;   34 902;   36 039;   36 958;   37 658;   38 167;   38 508;   38 703;   38 754;   38 667;   38 444;   38 098
Poland;792;   21 238;   24 253;   27 553;   31 000;   34 772;   39 186;   43 906;   49 178;   53 995;   58 522;   63 240;   67 861;   72 310;   78 666;   82 256;   84 862;   87 717;   90 461;   92 744;   94 544;   95 819;   96 588;   96 856;   96 650;   96 043;   95 121;   93 973;   92 654;   91 197;   89 620;   87 983
RepublicofMoldova;784;70;80;93;150;235;531;   1 017;   1 350;   1 811;   2 350;   3 050;   4 482;   8 329;   9 157;   9 822;   10 434;   10 977;   11 500;   11 995;   12 430;   12 789;   13 068;   13 283;   13 449;   13 567;   13 625;   13 619;   13 555;   13 480;   13 419;   13 389
Romania;887;   4 402;   4 768;   5 166;   5 619;   6 156;   6 794;   8 059;   9 774;   11 961;   15 266;   17 795;   20 504;   23 592;   26 832;   30 030;   33 181;   36 335;   39 361;   42 211;   44 839;   47 170;   49 126;   50 657;   51 755;   52 443;   52 795;   52 851;   52 661;   52 244;   51 617;   50 826
RussianFederation;908;   549 089;   576 664;   605 619;   635 118;   657 221;   677 318;   693 859;   707 899;   721 086;   727 778;   726 407;   729 007;   735 395;   738 442;   739 725;   738 090;   733 929;   728 037;   721 355;   714 355;   706 793;   698 296;   689 029;   679 703;   671 372;   664 591;   659 399;   655 475;   652 175;   648 950;   645 577
Slovakia;923;   220 171;   237 095;   253 630;   267 164;   276 396;   285 657;   295 042;   303 699;   310 027;   309 569;   303 789;   297 482;   294 591;   292 943;   289 796;   284 929;   278 596;   271 397;   264 321;   257 838;   251 756;   245 675;   239 381;   233 017;   227 101;   222 131;   218 308;   215 425;   212 963;   210 528;   208 024
Ukraine;112;   7 745;   7 804;   8 190;   8 607;   9 039;   9 366;   9 654;   9 991;   10 232;   10 160;   9 952;   9 641;   9 492;   9 496;   9 365;   9 194;   8 977;   8 740;   8 513;   8 311;   8 125;   7 942;   7 757;   7 576;   7 416;   7 284;   7 183;   7 109;   7 046;   6 984;   6 916
ChannelIslands;203;   8 903;   9 353;   9 579;   9 801;   9 811;   10 058;   10 338;   10 316;   10 324;   10 336;   10 263;   10 231;   10 507;   10 543;   10 573;   10 550;   10 461;   10 328;   10 194;   10 077;   9 965;   9 835;   9 672;   9 480;   9 286;   9 123;   9 007;   8 931;   8 876;   8 828;   8 774
Denmark;348;   9 338;   9 829;   10 001;   10 170;   10 346;   10 541;   10 759;   10 573;   10 385;   10 352;   10 224;   10 096;   10 015;   9 855;   9 685;   9 492;   9 275;   9 032;   8 784;   8 546;   8 318;   8 095;   7 865;   7 628;   7 400;   7 196;   7 021;   6 873;   6 742;   6 622;   6 506
Estonia;616;   24 824;   27 270;   29 716;   31 540;   32 817;   34 168;   35 783;   37 486;   38 195;   38 592;   38 486;   38 464;   38 575;   38 612;   38 407;   37 924;   37 207;   36 297;   35 286;   34 228;   33 136;   32 010;   30 827;   29 564;   28 245;   26 937;   25 732;   24 680;   23 783;   23 001;   22 289
FaroeIslands;498;   2 341;   2 627;   3 004;   3 336;   3 595;   3 839;   4 010;   4 215;   4 364;   4 339;   4 201;   4 158;   4 084;   4 069;   4 021;   3 945;   3 839;   3 707;   3 557;   3 402;   3 243;   3 079;   2 909;   2 731;   2 555;   2 390;   2 246;   2 125;   2 024;   1 936;   1 856
Finland;642;   16 236;   17 484;   18 614;   19 380;   20 549;   21 666;   22 612;   23 104;   23 489;   22 965;   22 128;   21 408;   20 299;   19 511;   18 848;   18 229;   17 639;   17 046;   16 449;   15 835;   15 207;   14 567;   13 932;   13 337;   12 815;   12 368;   11 983;   11 635;   11 309;   10 997;   10 700
Iceland;643;   102 799;   111 355;   119 860;   126 484;   130 126;   133 788;   138 063;   142 976;   147 569;   148 293;   146 401;   143 623;   143 158;   143 457;   142 898;   141 205;   138 652;   135 674;   132 892;   130 588;   128 599;   126 655;   124 604;   122 534;   120 728;   119 439;   118 741;   118 471;   118 281;   117 938;   117 445
Ireland;703;   3 437;   3 813;   4 137;   4 379;   4 532;   4 744;   4 989;   5 158;   5 278;   5 363;   5 386;   5 385;   5 407;   5 426;   5 435;   5 414;   5 353;   5 255;   5 136;   5 013;   4 892;   4 766;   4 628;   4 477;   4 322;   4 178;   4 056;   3 958;   3 876;   3 803;   3 732
IsleofMan;804;   37 298;   40 019;   42 662;   45 262;   47 087;   48 759;   49 969;   50 921;   51 370;   50 812;   48 746;   46 795;   45 647;   44 824;   43 679;   42 373;   40 892;   39 329;   37 818;   36 423;   35 117;   33 829;   32 542;   31 287;   30 149;   29 217;   28 492;   27 923;   27 415;   26 912;   26 400
Latvia;924;   78 030;   79 528;   81 790;   84 839;   87 305;   88 957;   89 833;   90 644;   92 040;   93 153;   94 397;   96 239;   99 682;   102 358;   105 207;   107 840;   110 126;   112 110;   113 973;   115 809;   117 563;   119 102;   120 416;   121 601;   122 781;   123 979;   125 116;   126 144;   127 075;   127 927;   128 679
Lithuania;830;102;106;109;115;121;126;128;134;141;144;149;154;160;164;167;171;174;177;179;180;181;181;181;181;182;182;182;182;182;182;182
Norway;208;   4 268;   4 440;   4 581;   4 760;   4 930;   5 061;   5 123;   5 113;   5 140;   5 233;   5 338;   5 418;   5 551;   5 669;   5 776;   5 892;   6 003;   6 097;   6 173;   6 237;   6 299;   6 363;   6 430;   6 499;   6 568;   6 633;   6 690;   6 736;   6 773;   6 805;   6 838
Sweden;233;   1 101;   1 159;   1 217;   1 290;   1 360;   1 422;   1 474;   1 522;   1 565;   1 433;   1 399;   1 356;   1 332;   1 313;   1 295;   1 272;   1 243;   1 212;   1 183;   1 156;   1 129;   1 101;   1 072;   1 042;   1 014;988;966;947;932;918;904
UnitedKingdom;234;32;32;34;36;39;41;43;46;48;44;46;48;49;48;49;49;50;51;52;52;52;52;52;52;53;53;53;53;53;53;52
Albania;352;143;158;176;192;204;218;228;241;255;267;281;297;318;329;342;354;364;373;380;385;389;391;393;394;394;394;393;391;389;387;384
Andorra;372;   2 913;   2 899;   2 819;   2 857;   2 947;   3 181;   3 431;   3 560;   3 563;   3 645;   3 842;   4 204;   4 617;   4 688;   4 874;   5 048;   5 204;   5 360;   5 519;   5 667;   5 789;   5 879;   5 943;   5 997;   6 050;   6 107;   6 170;   6 234;   6 293;   6 340;   6 372
BosniaandHerzegovina;833;55;52;48;51;57;61;65;64;70;72;77;80;84;88;91;94;96;99;101;102;104;105;107;108;109;110;111;112;113;114;114
Croatia;428;   1 949;   2 015;   2 132;   2 261;   2 366;   2 457;   2 513;   2 582;   2 664;   2 488;   2 371;   2 228;   2 091;   1 971;   1 919;   1 865;   1 806;   1 747;   1 692;   1 642;   1 593;   1 548;   1 504;   1 462;   1 423;   1 388;   1 358;   1 334;   1 315;   1 297;   1 278
Gibraltar;440;   2 567;   2 630;   2 771;   2 967;   3 137;   3 300;   3 432;   3 564;   3 697;   3 628;   3 486;   3 343;   3 123;   2 878;   2 795;   2 725;   2 655;   2 580;   2 505;   2 437;   2 375;   2 321;   2 272;   2 225;   2 181;   2 141;   2 107;   2 079;   2 056;   2 034;   2 013
Greece;578;   3 265;   3 429;   3 582;   3 724;   3 876;   4 006;   4 083;   4 148;   4 240;   4 360;   4 492;   4 624;   4 891;   5 211;   5 494;   5 725;   5 945;   6 142;   6 321;   6 491;   6 658;   6 816;   6 961;   7 094;   7 222;   7 345;   7 462;   7 569;   7 667;   7 759;   7 845
HolySee;752;   7 010;   7 260;   7 480;   7 741;   8 049;   8 193;   8 311;   8 351;   8 559;   8 827;   8 872;   9 030;   9 382;   9 779;   10 120;   10 463;   10 766;   11 030;   11 290;   11 574;   11 881;   12 182;   12 463;   12 726;   12 990;   13 260;   13 525;   13 776;   14 015;   14 246;   14 470
Italy;826;   50 616;   51 114;   52 410;   54 278;   55 611;   56 180;   56 222;   56 415;   57 110;   57 904;   58 867;   60 210;   62 717;   64 716;   66 700;   68 527;   70 113;   71 511;   72 840;   74 144;   75 361;   76 397;   77 255;   78 018;   78 775;   79 541;   80 255;   80 880;   81 434;   81 936;   82 370
Malta;925;   108 633;   113 388;   117 879;   123 015;   127 617;   133 259;   138 495;   141 762;   143 404;   144 147;   145 058;   149 735;   153 360;   152 348;   151 798;   150 771;   149 455;   148 048;   146 395;   144 394;   141 941;   139 004;   135 727;   132 375;   129 276;   126 627;   124 515;   122 831;   121 343;   119 904;   118 491
Montenegro;8;   1 263;   1 420;   1 636;   1 896;   2 151;   2 411;   2 681;   2 967;   3 281;   3 107;   3 122;   3 082;   2 902;   2 897;   2 935;   2 960;   2 954;   2 915;   2 855;   2 785;   2 710;   2 634;   2 554;   2 465;   2 370;   2 269;   2 161;   2 049;   1 940;   1 840;   1 755
Portugal;20;6;9;13;19;24;31;36;45;55;64;65;81;84;70;70;70;71;72;73;73;72;71;69;67;66;64;63;62;62;61;60
SanMarino;70;   2 661;   2 932;   3 215;   3 525;   3 746;   3 972;   4 145;   4 370;   4 527;   3 879;   3 793;   3 833;   3 835;   3 810;   3 758;   3 681;   3 584;   3 469;   3 340;   3 206;   3 069;   2 931;   2 793;   2 656;   2 521;   2 391;   2 271;   2 164;   2 071;   1 990;   1 919
Serbia;191;   3 850;   4 030;   4 193;   4 329;   4 423;   4 501;   4 598;   4 716;   4 776;   4 617;   4 428;   4 378;   4 316;   4 240;   4 162;   4 072;   3 977;   3 876;   3 771;   3 664;   3 554;   3 444;   3 333;   3 224;   3 118;   3 016;   2 923;   2 837;   2 757;   2 683;   2 615
Slovenia;292;20;21;22;23;25;25;27;27;27;27;27;29;31;32;33;33;33;33;33;32;32;32;31;31;30;30;30;29;29;29;28
Spain;300;   7 566;   7 935;   8 311;   8 534;   8 779;   9 030;   9 620;   9 908;   10 132;   10 641;   10 954;   11 070;   11 178;   10 955;   10 825;   10 657;   10 480;   10 302;   10 124;   9 931;   9 705;   9 435;   9 135;   8 829;   8 540;   8 283;   8 063;   7 874;   7 706;   7 545;   7 393
TFYRMacedonia;336;1;1;1;1;1;1;1;1;1;1;1;1;1;1;1;1;1;1;1;1;1;1;1;1;1;1;1;1;1;1;1
Austria;470;312;314;313;306;304;308;320;338;356;372;387;397;412;419;423;426;428;427;423;417;411;405;400;394;387;380;372;365;358;353;348
Belgium;499;395;444;487;534;520;554;581;614;615;620;614;616;622;626;626;623;618;610;600;588;574;561;547;532;518;503;489;475;462;449;437
France;620;   8 417;   8 661;   8 875;   8 889;   8 670;   9 186;   9 756;   9 929;   9 890;   10 078;   10 279;   10 480;   10 585;   10 350;   10 161;   9 991;   9 845;   9 713;   9 576;   9 411;   9 216;   8 990;   8 752;   8 514;   8 295;   8 099;   7 934;   7 793;   7 661;   7 531;   7 407
Germany;674;13;14;15;17;19;20;21;23;24;26;27;29;31;32;32;33;33;33;33;33;33;32;32;32;31;31;31;30;30;30;30
Liechtenstein;688;   6 732;   7 235;   7 557;   7 835;   8 120;   8 497;   8 908;   9 253;   9 518;   9 884;   9 463;   9 187;   9 059;   8 851;   8 674;   8 485;   8 281;   8 058;   7 817;   7 570;   7 331;   7 099;   6 870;   6 644;   6 423;   6 209;   6 007;   5 817;   5 641;   5 481;   5 334
Luxembourg;705;   1 473;   1 527;   1 587;   1 629;   1 670;   1 743;   1 836;   1 945;   2 007;   1 991;   1 989;   1 997;   2 052;   2 068;   2 075;   2 070;   2 054;   2 030;   2 003;   1 974;   1 942;   1 905;   1 865;   1 824;   1 786;   1 756;   1 733;   1 718;   1 709;   1 701;   1 693
Monaco;724;   28 070;   29 100;   30 451;   32 192;   33 923;   35 909;   37 705;   38 734;   39 192;   39 764;   40 750;   43 855;   46 601;   46 122;   46 194;   46 095;   45 920;   45 819;   45 647;   45 347;   44 840;   44 076;   43 114;   42 075;   41 102;   40 302;   39 730;   39 351;   39 044;   38 716;   38 337
Netherlands;807;   1 254;   1 392;   1 489;   1 592;   1 721;   1 803;   1 924;   1 982;   1 996;   1 954;   2 012;   2 043;   2 062;   2 078;   2 088;   2 089;   2 078;   2 055;   2 021;   1 981;   1 938;   1 893;   1 846;   1 795;   1 742;   1 690;   1 641;   1 596;   1 556;   1 520;   1 487
Switzerland;926;   142 256;   146 653;   152 320;   160 100;   165 903;   169 445;   170 489;   171 794;   175 615;   180 909;   183 163;   185 552;   187 762;   190 794;   192 924;   194 549;   195 751;   196 482;   196 666;   196 314;   195 533;   194 514;   193 506;   192 710;   192 215;   191 855;   191 461;   191 076;   190 793;   190 591;   190 384
Anguilla;250;   41 880;   43 528;   45 866;   48 952;   50 844;   53 011;   54 053;   55 380;   56 943;   58 224;   59 387;   61 242;   62 961;   64 395;   65 720;   66 896;   68 007;   69 049;   69 931;   70 613;   71 137;   71 602;   72 061;   72 557;   73 109;   73 693;   74 259;   74 774;   75 245;   75 663;   75 998
AntiguaandBarbuda;276;   69 786;   71 314;   73 180;   75 991;   78 367;   78 667;   78 160;   77 570;   78 958;   81 613;   81 896;   81 247;   80 435;   80 689;   80 392;   79 960;   79 294;   78 403;   77 300;   75 999;   74 513;   72 923;   71 391;   70 019;   68 843;   67 743;   66 634;   65 590;   64 690;   63 925;   63 244
Aruba;438;14;15;17;19;21;23;26;27;29;31;33;35;36;38;39;40;41;42;42;43;43;43;44;44;44;45;45;46;46;46;47
Bahamas;442;296;305;315;330;340;354;364;367;382;408;436;458;508;567;605;644;678;711;743;774;803;831;858;883;907;930;952;973;993;   1 012;   1 030
Barbados;492;20;20;22;23;23;25;27;29;29;31;32;34;37;38;38;39;40;41;42;43;44;45;46;47;48;49;51;52;53;54;55
BritishVirginIslands;528;   10 027;   10 681;   11 419;   12 216;   12 965;   13 611;   14 103;   14 472;   14 915;   15 451;   15 894;   16 332;   16 632;   16 925;   17 185;   17 418;   17 605;   17 715;   17 738;   17 686;   17 602;   17 513;   17 435;   17 387;   17 371;   17 370;   17 358;   17 336;   17 302;   17 262;   17 220
CaribbeanNetherlands;756;   4 668;   4 971;   5 296;   5 830;   6 169;   6 356;   6 304;   6 456;   6 674;   7 017;   7 166;   7 409;   7 831;   8 299;   8 654;   8 952;   9 223;   9 457;   9 660;   9 845;   10 019;   10 172;   10 304;   10 424;   10 543;   10 660;   10 775;   10 891;   11 011;   11 131;   11 245
CaymanIslands;904;   168 844;   193 205;   221 190;   253 874;   288 494;   325 812;   365 035;   405 906;   446 889;   487 326;   526 890;   563 826;   599 823;   634 387;   666 502;   695 584;   721 067;   742 747;   760 484;   774 305;   784 247;   790 450;   792 959;   791 917;   787 631;   780 546;   771 201;   760 090;   747 781;   734 679;   721 224
Cuba;915;   17 076;   18 798;   20 724;   23 088;   25 306;   27 629;   29 748;   31 920;   34 198;   36 375;   38 314;   40 028;   41 621;   43 199;   44 552;   45 729;   46 700;   47 441;   47 923;   48 146;   48 100;   47 818;   47 334;   46 691;   45 940;   45 111;   44 224;   43 268;   42 269;   41 263;   40 262
Curaçao;660;5;6;6;6;6;7;7;7;8;10;11;13;14;15;15;16;16;16;16;15;15;15;14;14;14;13;13;12;12;12;11
Dominica;28;46;53;55;60;65;69;70;66;62;68;78;83;87;92;96;101;105;108;111;113;114;115;116;116;117;117;117;116;115;115;114
DominicanRepublic;533;38;44;54;57;59;61;60;63;62;80;91;100;102;104;105;106;107;107;106;104;102;99;98;96;95;93;92;90;88;86;84
Grenada;44;79;89;110;140;169;189;211;235;256;280;298;329;361;388;410;429;446;460;471;480;489;495;500;503;505;506;505;504;502;500;498
Guadeloupe;52;211;227;231;235;239;246;252;256;260;265;270;274;280;284;288;290;290;290;288;285;282;278;275;273;271;269;267;265;263;261;259
Haiti;92;7;8;8;9;10;10;11;13;16;18;21;23;27;30;33;34;35;36;37;37;38;38;38;38;38;37;37;37;37;36;36
Jamaica;535;7;8;8;9;10;11;11;12;13;15;14;14;21;25;26;27;28;29;29;30;30;30;30;30;31;31;31;31;31;32;32
Martinique;136;6;7;8;8;9;12;16;19;25;32;42;49;56;60;64;68;71;74;77;79;82;84;85;87;90;92;94;95;97;98;99
Montserrat;192;   5 920;   6 539;   7 141;   7 952;   8 715;   9 438;   9 835;   10 083;   10 582;   10 906;   11 117;   11 261;   11 308;   11 390;   11 366;   11 319;   11 237;   11 103;   10 909;   10 654;   10 339;   9 972;   9 573;   9 170;   8 795;   8 462;   8 162;   7 871;   7 591;   7 335;   7 103
PuertoRico;531;100;117;127;134;144;150;148;150;147;144;132;129;148;157;164;170;175;179;183;186;189;192;194;197;199;202;204;205;206;207;208
SaintKittsandNevis;212;51;55;60;65;71;72;75;74;71;71;70;71;71;73;74;76;76;76;76;75;74;73;71;69;67;65;62;59;57;54;52
SaintLucia;214;   2 365;   2 781;   3 294;   3 879;   4 503;   5 150;   5 809;   6 489;   7 184;   7 892;   8 563;   9 238;   9 898;   10 528;   11 107;   11 626;   12 087;   12 491;   12 819;   13 069;   13 238;   13 339;   13 377;   13 358;   13 288;   13 168;   13 005;   12 802;   12 567;   12 308;   12 027
SaintVincentandtheGrenadines;308;77;81;90;95;94;92;89;100;96;100;102;103;105;107;109;111;112;112;112;112;110;108;105;101;98;93;89;84;80;76;72
SintMaarten(Dutchpart);312;210;236;275;300;319;328;331;359;390;408;431;451;457;468;478;485;491;496;500;501;498;492;485;478;473;468;463;458;452;445;437
TrinidadandTobago;332;   3 221;   3 514;   3 866;   4 271;   4 709;   5 140;   5 689;   6 384;   7 100;   7 820;   8 549;   9 263;   10 000;   10 711;   11 378;   12 005;   12 578;   13 090;   13 534;   13 903;   14 189;   14 395;   14 523;   14 574;   14 552;   14 466;   14 338;   14 173;   13 981;   13 770;   13 544
TurksandCaicosIslands;388;   1 403;   1 543;   1 631;   1 763;   1 873;   2 018;   2 142;   2 312;   2 386;   2 490;   2 600;   2 678;   2 741;   2 793;   2 840;   2 867;   2 867;   2 846;   2 811;   2 765;   2 710;   2 641;   2 558;   2 465;   2 362;   2 253;   2 139;   2 024;   1 910;   1 803;   1 704
UnitedStatesVirginIslands;474;222;246;282;311;325;328;325;340;358;369;387;397;395;396;395;393;391;387;380;370;358;346;336;328;321;317;312;308;302;296;289
Belize;630;   2 218;   2 247;   2 356;   2 578;   2 710;   2 932;   3 188;   3 370;   3 518;   3 690;   3 797;   3 761;   3 710;   3 683;   3 675;   3 660;   3 638;   3 597;   3 536;   3 459;   3 367;   3 265;   3 155;   3 038;   2 916;   2 792;   2 667;   2 543;   2 425;   2 313;   2 212
CostaRica;659;46;48;51;49;45;44;43;42;41;43;46;49;52;56;58;61;63;65;66;67;68;68;68;68;67;67;66;65;65;64;63
ElSalvador;662;83;87;90;96;104;110;118;126;138;147;157;165;177;185;192;197;202;205;207;208;207;206;203;200;197;193;188;183;178;173;168
Guatemala;670;67;74;81;86;90;96;101;104;108;108;108;109;109;109;111;112;112;112;112;111;109;107;104;101;98;95;91;88;84;81;77
Honduras;534;1;2;3;4;7;10;13;19;29;31;32;33;33;39;41;44;46;48;49;51;52;53;55;56;57;58;59;60;61;62;63
Mexico;780;646;740;848;912;946;   1 011;   1 085;   1 171;   1 222;   1 255;   1 268;   1 297;   1 328;   1 360;   1 378;   1 380;   1 372;   1 359;   1 341;   1 319;   1 291;   1 259;   1 223;   1 186;   1 150;   1 117;   1 087;   1 059;   1 033;   1 008;984
Nicaragua;796;5;5;6;6;6;7;8;10;12;15;19;26;31;34;37;39;42;44;45;47;48;49;49;50;51;51;51;52;52;52;52
Panama;850;27;29;33;50;64;86;98;105;103;107;109;108;106;106;107;107;106;105;103;100;97;94;91;88;85;83;80;78;75;72;69
Argentina;84;69;80;92;106;122;133;144;165;188;207;247;283;322;359;398;436;472;505;535;563;588;610;629;644;656;664;670;674;676;677;677
Bolivia(PlurinationalStateof);188;959;   1 120;   1 333;   1 590;   1 849;   2 097;   2 389;   2 730;   3 096;   3 511;   3 925;   4 248;   4 545;   4 808;   5 044;   5 246;   5 413;   5 548;   5 650;   5 721;   5 759;   5 766;   5 746;   5 701;   5 635;   5 550;   5 446;   5 331;   5 214;   5 100;   4 993
Brazil;222;   2 200;   2 429;   2 763;   3 198;   3 669;   4 148;   4 578;   4 921;   5 252;   5 589;   5 812;   5 947;   6 038;   6 127;   6 231;   6 329;   6 408;   6 464;   6 476;   6 450;   6 390;   6 302;   6 183;   6 034;   5 855;   5 649;   5 417;   5 167;   4 911;   4 658;   4 420
Chile;320;   3 146;   3 614;   4 128;   4 728;   5 423;   6 238;   7 119;   8 117;   9 159;   10 357;   11 689;   13 184;   14 732;   16 343;   18 015;   19 720;   21 424;   23 103;   24 730;   26 287;   27 754;   29 112;   30 337;   31 417;   32 344;   33 118;   33 742;   34 211;   34 539;   34 735;   34 812
Colombia;340;   1 487;   1 717;   2 002;   2 353;   2 691;   3 108;   3 636;   4 237;   4 903;   5 591;   6 243;   6 880;   7 504;   8 075;   8 651;   9 212;   9 737;   10 206;   10 607;   10 943;   11 217;   11 429;   11 576;   11 655;   11 662;   11 601;   11 481;   11 312;   11 106;   10 881;   10 646
Ecuador;484;   28 013;   32 605;   38 174;   44 623;   52 030;   60 872;   69 331;   77 323;   85 609;   94 427;   102 809;   109 748;   118 618;   127 017;   134 837;   141 924;   148 133;   153 404;   157 762;   161 213;   163 754;   165 390;   166 111;   165 942;   164 969;   163 336;   161 119;   158 386;   155 266;   151 894;   148 404
FalklandIslands(Malvinas);558;   1 295;   1 508;   1 775;   2 063;   2 398;   2 797;   3 250;   3 709;   4 145;   4 612;   5 027;   5 379;   5 738;   6 082;   6 418;   6 736;   7 033;   7 306;   7 537;   7 723;   7 863;   7 958;   8 006;   8 007;   7 958;   7 863;   7 730;   7 567;   7 386;   7 194;   6 996
FrenchGuiana;591;860;981;   1 133;   1 315;   1 519;   1 745;   1 979;   2 219;   2 471;   2 738;   3 029;   3 319;   3 621;   3 929;   4 231;   4 517;   4 781;   5 020;   5 238;   5 431;   5 599;   5 740;   5 854;   5 942;   6 006;   6 049;   6 074;   6 082;   6 073;   6 048;   6 012
Guyana;931;   113 739;   130 352;   149 066;   170 811;   193 486;   217 046;   242 862;   270 565;   297 869;   323 919;   349 796;   374 809;   397 085;   418 447;   438 126;   455 735;   470 966;   483 750;   494 027;   501 829;   507 223;   510 325;   511 183;   509 883;   506 606;   501 606;   495 299;   488 091;   480 342;   472 229;   464 003
Paraguay;32;   17 150;   18 929;   20 619;   22 283;   23 973;   26 067;   28 106;   30 389;   32 730;   34 995;   37 057;   39 145;   41 223;   43 417;   45 517;   47 500;   49 365;   51 099;   52 699;   54 153;   55 445;   56 556;   57 470;   58 164;   58 646;   58 946;   59 100;   59 127;   59 042;   58 854;   58 572
Peru;68;   3 090;   3 365;   3 693;   4 071;   4 506;   5 009;   5 590;   6 212;   6 856;   7 567;   8 340;   9 125;   9 918;   10 725;   11 548;   12 370;   13 177;   13 952;   14 679;   15 352;   15 963;   16 507;   16 978;   17 367;   17 676;   17 907;   18 066;   18 161;   18 199;   18 181;   18 118
Suriname;76;   53 975;   62 656;   72 494;   84 130;   95 982;   108 431;   122 200;   136 836;   150 393;   162 755;   175 786;   188 479;   198 614;   207 848;   215 997;   222 976;   228 663;   233 006;   236 015;   237 744;   238 270;   237 686;   236 014;   233 297;   229 664;   225 267;   220 413;   215 337;   210 255;   205 198;   200 305
Uruguay;152;   6 143;   6 862;   7 696;   8 612;   9 562;   10 421;   11 234;   12 109;   13 141;   14 194;   15 170;   16 097;   17 015;   17 948;   18 842;   19 639;   20 250;   20 751;   21 142;   21 423;   21 601;   21 677;   21 662;   21 568;   21 412;   21 208;   20 956;   20 664;   20 348;   20 038;   19 744
Venezuela(BolivarianRepublicof);170;   12 341;   14 225;   16 480;   19 144;   22 061;   24 757;   27 738;   31 012;   34 272;   37 442;   40 404;   43 286;   45 918;   48 229;   50 229;   51 878;   53 175;   54 125;   54 723;   54 983;   54 927;   54 615;   54 073;   53 347;   52 451;   51 409;   50 245;   49 015;   47 765;   46 522;   45 321
Bermuda;238;2;2;2;2;2;2;2;2;2;2;3;3;3;3;3;3;3;3;3;3;3;3;3;3;3;3;3;3;3;3;3
Canada;254;25;28;32;39;48;56;67;86;116;137;163;203;234;269;304;341;381;422;463;505;546;586;626;665;703;740;775;808;838;866;891
Greenland;328;407;485;564;650;696;740;787;765;720;727;742;742;753;767;787;807;821;826;824;816;806;796;783;768;749;726;699;672;645;619;595
SaintPierreandMiquelon;600;   1 473;   1 673;   1 903;   2 171;   2 474;   2 791;   3 181;   3 672;   4 214;   4 761;   5 303;   5 795;   6 210;   6 639;   7 067;   7 474;   7 845;   8 175;   8 458;   8 697;   8 895;   9 052;   9 162;   9 223;   9 234;   9 199;   9 126;   9 028;   8 915;   8 794;   8 665
UnitedStatesofAmerica;604;   7 728;   8 787;   10 062;   11 608;   13 341;   15 230;   17 359;   19 545;   21 827;   24 039;   25 915;   27 610;   29 374;   31 377;   33 317;   35 152;   36 855;   38 391;   39 754;   40 928;   41 899;   42 656;   43 196;   43 531;   43 672;   43 633;   43 432;   43 104;   42 665;   42 142;   41 557
Australia/NewZealand;858;   2 239;   2 373;   2 539;   2 695;   2 810;   2 830;   2 916;   3 012;   3 110;   3 225;   3 321;   3 326;   3 374;   3 432;   3 495;   3 550;   3 596;   3 630;   3 653;   3 665;   3 667;   3 659;   3 642;   3 615;   3 579;   3 535;   3 486;   3 432;   3 374;   3 315;   3 258
Australia;862;   5 482;   6 758;   8 147;   9 825;   11 588;   13 361;   15 344;   17 508;   19 862;   22 189;   24 481;   26 769;   28 996;   31 108;   33 116;   34 978;   36 673;   38 191;   39 513;   40 636;   41 562;   42 295;   42 847;   43 229;   43 442;   43 499;   43 401;   43 176;   42 841;   42 419;   41 927
NewZealand;905;   171 615;   186 602;   204 167;   219 189;   231 029;   242 215;   254 217;   266 658;   280 633;   295 700;   313 724;   328 524;   344 129;   357 838;   371 269;   384 274;   396 278;   406 905;   416 364;   424 930;   433 114;   441 089;   449 146;   457 200;   464 959;   472 164;   478 681;   484 602;   490 113;   495 300;   500 143
Melanesia;60;37;41;45;49;52;55;57;59;61;63;64;65;64;62;61;60;59;58;57;55;54;52;50;49;48;47;46;45;44;43;42
Fiji;124;   13 737;   15 734;   17 909;   19 694;   21 439;   23 141;   24 516;   25 848;   27 662;   29 299;   30 702;   32 256;   34 126;   35 940;   37 600;   39 066;   40 390;   41 518;   42 479;   43 340;   44 136;   44 853;   45 534;   46 199;   46 841;   47 431;   47 955;   48 427;   48 865;   49 279;   49 668
NewCaledonia;304;23;26;31;38;46;50;50;53;56;56;56;57;57;56;56;57;57;56;55;54;52;51;50;49;48;47;46;44;43;42;41
PapuaNewGuinea;666;5;5;5;5;5;6;6;6;6;6;6;6;6;6;6;7;7;7;7;7;7;7;7;7;7;7;7;7;7;7;7
SolomonIslands;840;   157 813;   170 796;   186 177;   199 404;   209 486;   218 964;   229 588;   240 692;   252 848;   266 276;   282 896;   296 140;   309 876;   321 774;   333 546;   345 085;   355 765;   365 266;   373 767;   381 474;   388 865;   396 125;   403 504;   410 895;   418 014;   424 632;   430 628;   436 078;   441 154;   445 929;   450 385
Vanuatu;909;   12 682;   14 175;   15 784;   17 502;   19 688;   21 498;   22 972;   24 873;   26 971;   29 054;   31 068;   33 369;   36 411;   39 331;   42 131;   44 791;   47 361;   49 809;   52 150;   54 413;   56 609;   58 684;   60 626;   62 432;   64 106;   65 637;   67 028;   68 253;   69 340;   70 302;   71 129
Micronesia;927;   10 085;   11 349;   12 664;   13 996;   15 724;   16 976;   17 855;   19 059;   20 494;   21 800;   22 965;   24 409;   26 532;   28 497;   30 327;   32 007;   33 585;   35 046;   36 427;   37 774;   39 104;   40 363;   41 542;   42 647;   43 687;   44 661;   45 572;   46 397;   47 156;   47 857;   48 483
Guam;36;   8 177;   9 213;   10 292;   11 368;   12 905;   13 893;   14 708;   15 791;   17 097;   18 125;   19 107;   20 274;   22 163;   23 969;   25 598;   27 084;   28 482;   29 785;   31 032;   32 264;   33 496;   34 673;   35 780;   36 816;   37 788;   38 700;   39 556;   40 342;   41 078;   41 766;   42 389
Kiribati;554;   1 908;   2 136;   2 372;   2 628;   2 820;   3 083;   3 147;   3 268;   3 398;   3 675;   3 858;   4 135;   4 369;   4 529;   4 730;   4 923;   5 103;   5 261;   5 395;   5 509;   5 607;   5 690;   5 762;   5 831;   5 899;   5 962;   6 016;   6 055;   6 079;   6 090;   6 094
MarshallIslands;928;   2 199;   2 381;   2 620;   2 927;   3 306;   3 808;   4 339;   4 944;   5 514;   6 208;   6 993;   7 816;   8 716;   9 623;   10 542;   11 476;   12 419;   13 358;   14 275;   15 157;   15 996;   16 789;   17 534;   18 221;   18 844;   19 394;   19 872;   20 275;   20 610;   20 883;   21 096
Micronesia(Fed.Statesof);242;289;335;393;464;521;577;635;712;729;775;811;822;860;892;915;931;940;944;943;936;924;908;890;870;847;824;799;774;749;722;696
Nauru;540;65;68;78;91;105;128;142;154;169;189;210;229;246;263;280;296;311;326;339;352;363;374;383;391;399;405;409;413;416;418;419
NorthernMarianaIslands;598;   1 708;   1 821;   1 967;   2 161;   2 435;   2 810;   3 215;   3 678;   4 158;   4 716;   5 374;   6 087;   6 848;   7 619;   8 413;   9 228;   10 057;   10 885;   11 699;   12 486;   13 240;   13 958;   14 634;   15 261;   15 831;   16 337;   16 780;   17 158;   17 475;   17 739;   17 951
Palau;90;90;102;118;137;160;193;231;271;312;359;412;469;526;584;640;698;757;818;878;937;992;   1 045;   1 095;   1 142;   1 187;   1 227;   1 262;   1 292;   1 316;   1 337;   1 354
Polynesia;548;48;55;64;74;85;100;116;130;147;168;185;209;236;265;294;324;354;385;416;446;476;504;531;557;580;602;621;639;654;667;677
AmericanSamoa;954;155;171;191;218;248;272;304;357;415;467;497;503;502;526;552;579;607;632;655;674;690;704;716;726;735;741;746;748;749;747;744
CookIslands;316;60;63;67;75;84;93;104;117;130;146;155;158;159;170;180;191;200;209;216;222;228;232;236;239;242;243;245;245;244;243;242
FrenchPolynesia;296;33;37;41;46;51;55;59;64;72;78;84;92;103;112;122;132;142;150;159;169;178;187;195;203;210;217;224;230;235;240;244
Niue;584;13;14;15;17;20;26;31;38;47;51;52;52;52;53;53;54;56;59;62;65;67;67;69;70;73;75;76;76;76;76;75
Samoa;583;32;38;45;52;61;63;73;86;96;108;107;106;104;104;108;112;118;122;125;127;129;131;132;132;131;129;127;124;121;119;116
Tokelau;520;3;4;4;6;6;7;7;8;9;10;10;10;10;10;10;11;11;11;11;11;11;10;10;10;10;10;9;9;9;9;9
Tonga;580;7;8;10;11;13;15;17;30;44;58;68;64;54;55;56;56;56;56;55;53;51;48;45;42;40;38;36;34;32;30;29
Tuvalu;585;7;8;10;11;11;12;12;14;15;17;19;20;20;21;22;24;25;26;27;27;28;28;29;29;29;30;30;30;30;29;29
WallisandFutunaIslands;957;242;274;308;360;410;443;475;513;548;579;612;641;660;684;710;729;751;774;793;808;819;827;833;838;841;841;838;832;824;815;805